,Model_Name,F1_score,Accuracy_score,True_Positive,False_Positive,True_Negative,False_Negative
0,ExtraTreesClassifier,0.88202372957242,0.8872244810614166,4352,354,700,3940
1,RandomForestClassifier,0.8437070938215104,0.8538412154932592,4293,413,953,3687
2,KNeighborsClassifier,0.769512567416302,0.7576503316927028,3300,1406,859,3781
3,BernoulliNB,0.6937539432176657,0.7403167130323133,4170,536,1891,2749
4,LogisticRegression,0.6644969847803197,0.6249732505884871,2370,2336,1169,3471
